sex_eligibility,nct_sex_includes_women,nct_sex_women_only,ref_title_mentions_sex,ref_abstract_mentions_sex,nct_registry_mentions_sex,any_source_mentions_sex_differences,any_source_mentions_sex_subgroup,any_source_mentions_sex_stratification,any_source_mentions_sex_interaction,any_source_pregnancy_related,any_source_menopause_related,any_source_contraception_required,any_source_excludes_pregnant_women,any_source_excludes_childbearing_potential,any_source_reproductive_health,any_source_maternal_offspring,any_source_lactation_breast,any_source_fertility_related,any_source_hormonal_related,any_source_sex_hormone_related,any_source_menstrual_cycle,any_source_womens_conditions,any_source_gender_identity,sex_evidence_snippets,exclusion_evidence_snippets,guideline_pmid,ref_pmid,any_source_hormonal_considerations,nct_number,ref_primary_nct_number,ref_primary_nct_source,any_source_maternal_offspring_related,any_source_lactation_breast_related
,,,False,,,False,False,False,False,False,False,False,False,False,False,False,False,False,False,False,False,False,False,,,31857196,24835439.0,,,,,,
,,,,,,,,,,,,,,,,,,,,,,,,,,31857196,30031107.0,,,,,,
,,,False,,,False,False,False,False,False,False,False,False,False,False,False,False,False,False,False,False,False,False,,,31857196,28063810.0,,,,,,
,,,False,False,,False,False,False,False,False,False,False,False,False,False,False,False,False,False,False,False,False,False,,,31857196,29055505.0,,,,,,
,,,False,True,,True,False,False,False,False,False,False,False,False,False,False,False,False,False,False,False,False,False,"[ABSTRACT] s no difference in the frequency of such diseases between men and women (p=0.90). prevalence increased with age, from 0.7",,31857196,16980116.0,,,,,,
,,,False,,,False,False,False,False,False,False,False,False,False,False,False,False,False,False,False,False,False,False,,,31857196,31219554.0,,,,,,
,,,False,,,False,False,False,False,False,False,False,False,False,False,False,False,False,False,False,False,False,False,,,31857196,24603191.0,,,,,,
,,,False,,,False,False,False,False,False,False,False,False,False,False,False,False,False,False,False,False,False,False,,,31857196,28315732.0,,,,,,
ALL,True,False,False,False,True,False,False,False,False,True,False,True,False,False,False,False,False,False,True,False,False,False,False,,,31857196,30280640.0,True,NCT01626079,NCT01626079,databank,,
ALL,True,False,False,False,False,False,False,False,False,True,False,False,False,False,False,False,False,False,False,False,False,False,False,,,31857196,30145927.0,,NCT01920698,NCT01920698,databank,,
ALL,True,False,False,False,False,False,False,False,False,True,False,False,False,False,False,False,False,False,False,False,False,False,False,,,31857196,26550689.0,,NCT00807040,NCT00807040,databank,,
ALL,True,False,False,False,False,False,False,False,False,False,False,False,False,False,False,False,False,False,False,False,False,False,False,,,31857196,23136163.0,,NCT00413998,NCT00413998,databank,,
,,,False,,,False,False,False,False,False,False,False,False,False,False,False,False,False,False,False,False,False,False,,,31857196,28473124.0,,,,,,
,,,False,False,,False,False,False,False,False,False,False,False,False,False,False,False,False,False,False,False,False,False,,,31857196,30608523.0,,,,,,
,,,False,,,False,False,False,False,False,False,False,False,False,False,False,False,False,False,False,False,False,False,,,31857196,30846107.0,,,,,,
,,,False,False,,False,False,False,False,False,False,False,False,False,False,False,False,False,False,False,False,False,False,,,31857196,28449780.0,,,,,,
,,,False,False,,False,False,False,False,False,False,False,False,False,False,False,False,False,False,False,False,False,False,,,31857196,11581597.0,,,,,,
ALL,True,False,False,False,False,False,False,False,False,False,False,False,False,False,False,False,False,False,False,False,False,False,False,,,31857196,19679246.0,,NCT00209274,NCT00209274,databank,,
ALL,True,False,False,False,False,False,False,False,False,False,False,False,False,False,False,False,False,False,False,False,False,False,False,,,31857196,19679246.0,,NCT00209339,NCT00209274,databank,,
ALL,True,False,False,False,False,False,False,False,False,False,False,False,False,False,False,False,False,False,False,False,False,False,False,,,31857196,26718672.0,,NCT00209274,NCT00209274,databank,,
,,,False,,,False,False,False,False,False,False,False,False,False,False,False,False,False,False,False,False,False,False,,,31857196,21777895.0,,,,,,
,,,False,False,,False,False,False,False,False,False,False,False,False,False,False,False,False,False,False,False,False,False,,,31857196,19660613.0,,,,,,
,,,False,False,,False,False,False,False,False,False,False,False,False,False,False,False,False,False,False,False,False,False,,,31857196,19597051.0,,,,,,
,,,False,False,,False,False,False,False,False,False,False,False,False,False,False,False,False,False,False,False,False,False,,,31857196,20031729.0,,,,,,
,,,,False,,False,False,False,False,False,False,False,False,False,False,False,False,False,False,False,False,False,False,,,31857196,21251638.0,,,,,,
,,,False,False,,False,False,False,False,False,False,False,False,False,False,False,False,False,False,False,False,False,False,,,31857196,30898198.0,,,,,,
ALL,True,False,False,False,False,False,False,False,False,False,False,False,False,False,False,False,False,False,False,False,False,False,False,,,31857196,28662805.0,,NCT01737528,NCT01737528,databank,,
,,,False,,,False,False,False,False,False,False,False,False,False,False,False,False,False,False,False,False,False,False,,,31857196,31343669.0,,,,,,
,,,False,False,,False,False,False,False,False,False,False,False,False,False,False,False,False,False,False,False,False,False,,,31857196,20602478.0,,,,,,
,,,False,False,,False,False,False,False,False,False,False,False,False,False,False,False,False,False,False,False,False,False,,,31857196,14755804.0,,,,,,
,,,False,True,,False,False,False,False,False,False,False,False,False,False,False,False,False,False,False,False,False,False,,,31857196,29096801.0,,,,,,
,,,False,False,,False,False,False,False,False,False,False,False,False,False,False,False,False,False,False,False,False,False,,,31857196,31320029.0,,,,,,
,,,False,False,,False,False,False,False,False,False,False,False,False,False,False,False,False,False,False,False,False,False,,,31857196,20552373.0,,,,,,
,,,False,False,,False,False,False,False,False,False,False,False,False,False,False,False,False,False,False,False,False,False,,,31857196,19801196.0,,,,,,
,,,False,False,,False,False,False,False,False,False,False,False,False,False,False,False,False,False,False,False,False,False,,,31857196,17671805.0,,,,,,
,,,False,False,,False,False,False,False,False,False,False,False,False,False,False,False,False,False,False,False,False,False,,,31857196,18372149.0,,,,,,
,,,False,False,,False,False,False,False,False,False,False,False,False,False,False,False,False,False,False,False,False,False,,,31857196,12368674.0,,,,,,
,,,,,,,,,,,,,,,,,,,,,,,,,,31857196,22575325.0,,,,,,
,,,False,False,,False,False,False,False,False,False,False,False,False,False,False,False,False,False,False,False,False,False,,,31857196,26740032.0,,,,,,
,,,False,True,,False,False,False,False,False,False,False,False,False,False,False,False,False,False,False,False,False,False,,,31857196,28146260.0,,,,,,
,,,False,False,,False,False,False,False,False,False,False,False,False,False,False,False,False,False,False,False,False,False,,,31857196,23230306.0,,,,,,
,,,False,True,,False,False,False,False,False,False,False,False,False,False,False,False,False,False,False,False,False,False,,,31857196,26643740.0,,,,,,
,,,False,,,False,False,False,False,False,False,False,False,False,False,False,False,False,False,False,False,False,False,,,31857196,12468705.0,,,,,,
,,,False,False,,False,False,False,False,False,False,False,False,False,False,False,False,False,False,False,False,False,False,,,31857196,15568194.0,,,,,,
,,,,,,,,,,,,,,,,,,,,,,,,,,31857196,29054308.0,,,,,,
,,,False,False,,False,False,False,False,False,False,False,False,False,False,False,False,False,False,False,False,False,False,,,31857196,26184623.0,,,,,,
ALL,True,False,False,False,False,False,False,False,False,False,False,False,False,False,False,False,False,False,False,False,False,False,False,,,31857196,23644082.0,,NCT01737528,NCT01737528,databank,,
,,,False,False,,False,False,False,False,False,False,False,False,False,False,False,False,False,False,False,False,False,False,,,31857196,22999725.0,,,,,,
,,,False,,,False,False,False,False,False,False,False,False,False,False,False,False,False,False,False,False,False,False,,,31857196,31320030.0,,,,,,
,,,False,False,,False,False,False,False,False,False,False,False,False,False,False,False,False,False,False,False,False,False,,,31857196,28476349.0,,,,,,
,,,False,False,,False,False,False,False,False,False,False,False,False,False,False,False,False,False,False,False,False,False,,,31857196,31577335.0,,,,,,
,,,False,,,False,False,False,False,False,False,False,False,False,False,False,False,False,False,False,False,False,False,,,31857196,30794876.0,,,,,,
,,,False,False,,False,False,False,False,False,False,False,False,False,False,False,False,False,False,False,False,False,False,,,31857196,30032907.0,,,,,,
ALL,True,False,False,False,False,False,False,False,False,True,False,False,False,False,False,False,False,False,False,False,False,False,False,,,31857196,27040451.0,,NCT00806988,NCT00806988,databank,,
,,,,,,,,,,,,,,,,,,,,,,,,,,31838890,11368702.0,,,,,,
,,,,,,,,,,,,,,,,,,,,,,,,,,31838890,24220553.0,,,,,,
,,,,True,,True,False,False,False,False,False,False,False,False,False,False,False,False,False,False,False,False,False,"[ABSTRACT] dations can be enhanced by shared decision-making between clinicians and patients, with patient engagement in selecting interventions on the basis of individual values, preferences, and associated conditions and comorbidities. the acc/aha task force on clinical practice guidelines strives to ensure that the guideline writing committee both contains requisite expertise and is representative of the broader medical community by selecting experts from a broad array of backgrounds, representing different geographic regions, sexes, races, ethnicities, intellectual perspectives/bi",,31838890,30586774.0,,,,,,
,,,,True,,False,False,False,False,True,False,False,False,False,False,False,False,False,False,False,False,False,False,,,31838890,29659693.0,,,,,True,
,,,,,,,,,,,,,,,,,,,,,,,,,,31838890,30879355.0,,,,,,
,,,,True,,False,False,False,False,False,False,False,False,False,False,False,False,False,False,False,False,False,False,,,31838890,26699442.0,,,,,,
,,,,True,,False,False,False,False,False,False,False,False,False,False,False,False,False,False,False,False,False,False,,,31838890,29903993.0,,,,,,
,,,,True,,False,False,False,False,False,False,False,False,False,False,False,False,False,False,False,False,False,False,,,31838890,8688759.0,,,,,,
,,,,True,,False,False,False,False,False,False,False,False,False,False,False,False,False,False,False,False,False,False,,,31838890,14525873.0,,,,,,
,,,,True,,False,False,False,False,False,False,False,False,False,False,False,False,False,False,False,False,False,False,,,31838890,9149659.0,,,,,,
,,,,True,,False,False,False,False,False,False,False,False,False,False,False,False,False,False,False,False,False,False,,,31838890,22265275.0,,,,,,
,,,,True,,False,False,False,False,False,True,False,False,False,False,False,False,False,False,False,False,False,False,,,31838890,22383309.0,,,,,,
,,,,True,,False,False,False,False,False,False,False,False,False,False,False,False,False,False,False,False,False,False,,,31838890,9366580.0,,,,,,
,,,,True,,False,False,False,False,False,False,False,False,False,False,False,False,False,False,False,False,False,False,,,31838890,11171795.0,,,,,,
,,,,True,,False,False,False,False,False,False,False,False,False,False,False,False,False,False,False,False,False,False,,,31838890,9151243.0,,,,,,
,,,,True,,False,False,False,False,False,False,False,False,False,False,False,False,False,False,False,False,False,False,,,31838890,6720666.0,,,,,,
,,,,True,,False,False,False,False,False,False,False,False,False,False,False,False,False,False,False,False,False,False,,,31838890,8606322.0,,,,,,
,,,,True,,False,False,False,False,False,False,False,False,False,False,False,False,False,False,False,False,False,False,,,31838890,9415002.0,,,,,,
,,,,False,,False,False,False,False,False,False,False,False,False,False,False,False,False,False,False,False,False,False,,,31838890,17023718.0,,,,,,
,,,,True,,False,False,False,False,False,False,False,False,False,False,False,False,False,False,False,False,False,False,,,31838890,7405884.0,,,,,,
,,,,True,,False,False,False,False,False,False,False,False,False,False,False,False,False,False,False,False,False,False,,,31838890,15166397.0,,,,,,
,,,,True,,False,False,False,False,False,False,False,False,False,False,False,False,False,False,False,False,False,False,,,31838890,2983212.0,,,,,,
,,,,True,,False,False,False,False,False,False,False,False,False,False,False,False,False,False,False,False,False,False,,,31838890,7442730.0,,,,,,
,,,,True,,False,False,False,False,False,False,False,False,False,False,False,False,False,False,False,False,False,False,,,31838890,2566743.0,,,,,,
,,,,False,,False,False,False,False,False,False,False,False,False,False,False,False,False,False,False,False,False,False,,,31838890,26109578.0,,,,,,
,,,,True,,False,False,False,False,False,False,False,False,False,False,False,False,False,False,False,False,False,False,,,31838890,10217054.0,,,,,,
,,,,True,,False,False,False,False,False,False,False,False,False,False,False,False,False,False,False,False,False,False,,,31838890,22207512.0,,,,,,
,,,,True,,False,False,False,False,False,False,False,False,False,False,False,False,False,False,False,False,False,False,,,31838890,12913025.0,,,,,,
,,,,True,,False,False,False,False,False,False,False,False,False,False,False,False,False,False,False,False,False,False,,,31838890,17092383.0,,,,,,
,,,,True,,False,False,False,False,False,False,False,False,False,False,False,False,False,False,False,False,False,False,,,31838890,18400720.0,,,,,,
,,,,True,,False,False,False,False,False,False,False,False,False,False,False,False,False,False,False,False,False,False,,,31838890,18195171.0,,,,,,
,,,,False,,False,False,False,False,False,False,False,False,False,False,False,False,False,False,False,False,False,False,,,31838890,18954578.0,,,,,,
,,,,False,,False,False,False,False,False,False,False,False,False,False,False,False,False,False,False,False,False,False,,,31838890,25303709.0,,,,,,
,,,,True,,False,False,False,False,False,False,False,False,False,False,False,False,False,False,False,False,False,False,,,31838890,26399866.0,,,,,,
,,,,True,,False,False,False,False,False,False,False,False,False,False,False,False,False,False,False,False,False,False,,,31838890,28109460.0,,,,,,
,,,,True,,False,False,False,False,False,False,False,False,False,False,False,False,False,False,False,False,False,False,,,31838890,29288244.0,,,,,,
,,,,False,,False,False,False,False,False,False,False,False,False,False,False,False,False,False,False,False,False,False,,,31838890,27448949.0,,,,,,
,,,,True,,False,False,False,False,False,False,False,False,False,False,False,False,False,False,False,False,False,False,,,31838890,26864369.0,,,,,,
,,,,True,,False,False,False,False,False,False,False,False,False,False,False,False,False,False,False,False,False,False,,,31838890,21427738.0,,,,,,
,,,,True,,False,False,False,False,False,False,False,False,False,False,False,False,False,False,False,False,False,False,,,31838890,23880191.0,,,,,,
,,,,True,,False,False,False,False,False,False,False,False,False,False,False,False,False,False,False,False,False,False,,,31838890,24887016.0,,,,,,
,,,,True,,True,False,False,False,False,False,False,False,False,False,False,False,False,False,False,False,False,False,"[ABSTRACT] spectively (p for trend 0.66), adjusting for age, sex, bmi, smoking, alcohol, physical activity, income, field center, total calories, and bacon. additional control for hypertension and diabetes mellitus, or restricting the analysis to subjects with diabetes mellitus or fasting glu",,31838890,25642410.0,,,,,,
,,,,True,,False,False,False,False,False,False,False,False,False,False,False,False,False,False,False,False,False,False,,,31838890,26062990.0,,,,,,
,,,,True,,False,False,False,False,False,False,False,False,False,False,False,False,False,False,False,False,False,False,,,31838890,30874756.0,,,,,,
,,,,True,,False,False,False,False,False,False,False,False,False,False,False,False,False,False,False,False,False,False,,,31838890,31006335.0,,,,,,
,,,,True,,False,False,False,False,False,False,False,False,False,False,False,False,False,False,False,False,False,False,,,31838890,30596814.0,,,,,,
,,,,False,,False,False,False,False,False,False,False,False,False,False,False,False,False,False,False,False,False,False,,,31838890,12716665.0,,,,,,
,,,,True,,False,False,False,False,False,False,False,False,False,False,False,False,False,False,False,False,False,False,,,31838890,3163364.0,,,,,,
,,,,True,,False,False,False,False,False,False,False,False,False,False,False,False,False,False,False,False,False,False,,,31838890,7310532.0,,,,,,
,,,,,,,,,,,,,,,,,,,,,,,,,,31838890,14201552.0,,,,,,
,,,,True,,False,False,False,False,False,False,False,False,False,False,False,False,False,False,False,False,False,False,,,31838890,7860745.0,,,,,,
,,,,False,,False,False,False,False,False,False,False,False,False,False,False,False,False,False,False,False,False,False,,,31838890,6940435.0,,,,,,
,,,,True,,False,False,False,False,False,False,False,False,False,False,False,False,False,True,False,True,False,False,,,31838890,7749822.0,True,,,,,
,,,,True,,False,False,False,False,False,False,False,False,False,False,False,False,False,False,False,False,False,False,,,31838890,8148356.0,,,,,,
,,,,True,,False,False,False,False,False,False,False,False,False,False,False,False,False,False,False,False,False,False,,,31838890,6650444.0,,,,,,
,,,,True,,False,False,False,False,False,True,False,False,False,False,False,False,False,False,False,False,False,False,,,31838890,11319723.0,,,,,,
,,,,True,,False,False,False,False,False,False,False,False,False,False,False,False,False,False,False,False,False,False,,,31838890,16002815.0,,,,,,
,,,,False,,False,False,False,False,False,False,False,False,False,False,False,False,False,False,False,False,False,False,,,31838890,9099655.0,,,,,,
,,,,False,,False,False,False,False,False,False,False,False,False,False,False,False,False,False,False,False,False,False,,,31813278,28408026.0,,,,,,
,,,,,,,,,,,,,,,,,,,,,,,,,,31813278,26673558.0,,,,,,
,,,,False,,False,False,False,False,False,False,False,False,False,False,False,False,False,False,False,False,False,False,,,31813278,23746838.0,,,,,,
,,,,False,,False,False,False,False,False,False,False,False,False,False,False,False,False,False,False,False,False,False,,,31813278,12806071.0,,,,,,
,,,,,,,,,,,,,,,,,,,,,,,,,,31813278,21527153.0,,,,,,
,,,,False,,False,False,False,False,False,False,False,False,False,False,False,False,False,False,False,False,False,False,,,31813278,17493201.0,,,,,,
,,,,False,,False,False,False,False,False,False,False,False,False,False,False,False,False,False,False,False,False,False,,,31813278,27067230.0,,,,,,
,,,,False,,False,False,False,False,False,False,False,False,False,False,False,False,False,False,False,False,False,False,,,31813278,29747836.0,,,,,,
,,,,,,,,,,,,,,,,,,,,,,,,,,31813278,29453307.0,,,,,,
,,,,True,,False,False,False,False,False,False,False,False,False,False,False,False,False,False,False,False,False,False,,,31813278,17456647.0,,,,,,
,,,,True,,False,False,False,False,False,False,False,False,False,False,False,False,False,False,False,False,False,False,,,31813278,23331439.0,,,,,,
,,,,False,,False,False,False,False,False,False,False,False,False,False,False,False,False,False,False,False,False,False,,,31813278,26139023.0,,,,,,
ALL,True,False,,False,False,False,False,False,False,False,False,False,False,False,False,False,False,False,False,False,False,False,False,,,31813278,29064263.0,,NCT02004665,NCT02004665,databank,,
,,,,False,,False,False,False,False,False,False,False,False,False,False,False,False,False,False,False,False,False,False,,,31813278,26041151.0,,,,,,
,,,,False,,False,False,False,False,False,False,False,False,False,False,False,False,False,False,False,False,False,False,,,31813278,23269131.0,,,,,,
,,,,False,,False,False,False,False,False,False,False,False,False,False,False,False,False,False,False,False,False,False,,,31813278,28422280.0,,,,,,
,,,,False,,False,False,False,False,False,False,False,False,False,False,False,False,False,False,False,False,False,False,,,31813278,23395245.0,,,,,,
,,,,False,,False,False,False,False,False,False,False,False,False,False,False,False,False,False,False,False,False,False,,,31813278,28143778.0,,,,,,
,,,,False,,False,False,False,False,False,False,False,False,False,False,False,False,False,False,False,False,False,False,,,31813278,24291279.0,,,,,,
,,,,True,,False,False,False,False,False,False,False,False,False,False,False,False,False,False,False,False,False,False,,,31813278,31475601.0,,,,,,
,,,,False,,False,False,False,False,False,False,False,False,False,False,False,False,False,False,False,False,False,False,,,31813278,28728570.0,,,,,,
,,,,False,,False,False,False,False,False,False,False,False,False,False,False,False,False,False,False,False,False,False,,,31813278,28579766.0,,,,,,
ALL,True,False,,True,True,False,False,False,False,False,False,False,False,False,False,False,False,False,False,False,False,False,False,,,31813278,30540612.0,,NCT00981474,NCT00981474,databank,,
ALL,True,False,,True,False,False,False,False,False,False,False,False,False,False,False,False,False,False,False,False,False,False,False,,,31813278,30540612.0,,NCT02587039,NCT00981474,databank,,
,,,,True,,True,False,False,True,False,False,False,False,False,False,False,False,False,False,False,False,False,False,,,31813278,30663607.0,,,,,,
,,,,False,,False,False,False,False,False,False,False,False,False,False,False,False,False,False,False,False,False,False,,,31813278,26338685.0,,,,,,
,,,,True,,False,False,False,False,False,False,False,False,False,False,False,False,False,False,False,False,False,False,,,31813278,16129869.0,,,,,,
,,,,False,,False,False,False,False,False,False,False,False,False,False,False,False,False,False,False,False,False,False,,,31813278,27274775.0,,,,,,
,,,,True,,False,False,False,False,False,False,False,False,False,False,False,False,False,False,False,False,False,False,,,31813278,16091574.0,,,,,,
,,,,False,,False,False,False,False,False,False,False,False,False,False,False,False,False,False,False,False,False,False,,,31813278,24073682.0,,,,,,
,,,,False,,False,False,False,False,False,False,False,False,False,False,False,False,False,False,False,False,False,False,,,31813278,23475597.0,,,,,,
,,,,False,,False,False,False,False,False,False,False,False,False,False,False,False,False,False,False,False,False,False,,,31813278,21862745.0,,,,,,
,,,,False,,False,False,False,False,False,False,False,False,False,False,False,False,False,False,False,False,False,False,,,31813278,8765105.0,,,,,,
,,,,False,,False,False,False,False,False,False,False,False,False,False,False,False,False,False,False,False,False,False,,,31813278,24637848.0,,,,,,
,,,,,,,,,,,,,,,,,,,,,,,,,,31813278,21670372.0,,,,,,
,,,,False,,False,False,False,False,False,False,False,False,False,False,False,False,False,False,False,False,False,False,,,31813278,14678335.0,,,,,,
,,,,False,,False,False,False,False,False,False,False,False,False,False,False,False,False,False,False,False,False,False,,,31813278,19664166.0,,,,,,
,,,,False,,False,False,False,False,False,False,False,False,False,False,False,False,False,False,False,False,False,False,,,31813278,29976568.0,,,,,,
,,,,False,,False,False,False,False,False,False,False,False,False,False,False,False,False,False,False,False,False,False,,,31813278,28583157.0,,,,,,
,,,,True,,False,False,False,False,False,False,False,False,False,False,False,False,False,False,False,False,False,False,,,31813278,19661454.0,,,,,,
,,,,False,,False,False,False,False,False,False,False,False,False,False,False,False,False,False,False,False,False,False,,,31813278,15084522.0,,,,,,
,,,,False,,False,False,False,False,False,False,False,False,False,False,False,False,False,False,False,False,False,False,,,31813278,19898232.0,,,,,,
,,,,,,,,,,,,,,,,,,,,,,,,,,31813278,17456818.0,,,,,,
,,,,False,,False,False,False,False,False,False,False,False,False,False,False,False,False,False,False,False,False,False,,,31813278,24703814.0,,,,,,
,,,,False,,False,False,False,False,False,False,False,False,False,False,False,False,False,False,False,False,False,False,,,31813278,19638747.0,,,,,,
,,,,False,,False,False,False,False,False,False,False,False,False,False,False,False,False,False,False,False,False,False,,,31813278,12594312.0,,,,,,
,,,,False,,False,False,False,False,False,False,False,False,False,False,False,False,False,False,False,False,False,False,,,31813278,16783553.0,,,,,,
,,,,False,,False,False,False,False,False,False,False,False,False,False,False,False,False,False,False,False,False,False,,,31813278,15803303.0,,,,,,
,,,,False,,False,False,False,False,False,False,False,False,False,False,False,False,False,False,False,False,False,False,,,31813278,25886997.0,,,,,,
,,,,False,,False,False,False,False,False,False,False,False,False,False,False,False,False,False,False,False,False,False,,,31813278,24581949.0,,,,,,
,,,,True,,False,False,False,False,False,False,False,False,False,False,False,False,False,False,False,False,False,False,,,31813278,22167076.0,,,,,,
,,,,False,,False,False,False,False,False,False,False,False,False,False,False,False,False,False,False,False,False,False,,,31813278,22209678.0,,,,,,
,,,,True,,False,False,False,False,False,False,False,False,False,False,False,False,False,False,False,False,False,False,,,31813278,17980023.0,,,,,,
,,,,False,,False,False,False,False,False,False,False,False,False,False,False,False,False,False,False,False,False,False,,,31813278,29430446.0,,,,,,
,,,,False,,False,False,False,False,True,False,False,False,False,False,False,False,False,False,False,False,False,False,,,31813278,30260486.0,,,,,,
,,,,,,,,,,,,,,,,,,,,,,,,,,31813278,25978160.0,,,,,,
,,,,False,,False,False,False,False,False,False,False,False,False,False,False,False,False,False,False,False,False,False,,,31813278,25654178.0,,,,,,
,,,,False,,False,False,False,False,False,False,False,False,False,False,False,False,False,False,False,False,False,False,,,31813278,22922434.0,,,,,,
,,,,False,,False,False,False,False,False,False,False,False,False,False,False,False,False,False,False,False,False,False,,,31813278,30009806.0,,,,,,
,,,,,,,,,,,,,,,,,,,,,,,,,,31813278,23463810.0,,,,,,
,,,,False,,False,False,False,False,False,False,False,False,False,False,False,False,False,False,False,False,False,False,,,31813278,30359923.0,,,,,,
,,,,False,,False,False,False,False,False,False,False,False,False,False,False,False,False,False,False,False,False,False,,,31813278,30071357.0,,,,,,
,,,,True,,False,False,False,False,False,False,False,False,False,False,False,False,False,False,False,False,False,False,,,31813278,24659054.0,,,,,,True
,,,,True,,False,False,False,False,False,False,False,False,False,False,False,False,False,False,False,False,False,False,,,31813278,27914496.0,,,,,,
,,,,True,,False,False,False,False,False,False,False,False,False,False,False,False,False,False,False,False,False,False,,,31813278,27863730.0,,,,,,
,,,,,,,,,,,,,,,,,,,,,,,,,,31813278,12515756.0,,,,,,
,,,,,,,,,,,,,,,,,,,,,,,,,,31813278,12538439.0,,,,,,
,,,,,,,,,,,,,,,,,,,,,,,,,,31813278,12551876.0,,,,,,
,,,,False,,False,False,False,False,False,False,False,False,False,False,False,False,False,False,False,False,False,False,,,31813278,21809160.0,,,,,,
,,,,False,,False,False,False,False,False,False,False,False,False,False,False,False,False,False,False,False,False,False,,,31813278,29802146.0,,,,,,
,,,,False,,False,False,False,False,False,False,False,False,False,False,False,False,False,False,False,False,False,False,,,31813278,24561498.0,,,,,,
,,,,False,,False,False,False,False,False,False,False,False,False,False,False,False,False,False,False,False,False,False,,,31813278,10938172.0,,,,,,
,,,,False,,False,False,False,False,False,False,False,False,False,False,False,False,False,False,False,False,False,False,,,31813278,28208030.0,,,,,,
,,,,True,,False,False,False,False,False,False,False,False,False,False,False,False,False,False,False,False,False,False,,,31813278,23856021.0,,,,,,
,,,,False,,False,False,False,False,False,False,False,False,False,False,False,False,False,False,False,False,False,False,,,31813278,24462011.0,,,,,,
,,,,False,,False,False,False,False,False,False,False,False,False,False,False,False,False,False,False,False,False,False,,,31813278,17923572.0,,,,,,
ALL,True,False,,True,False,False,False,False,False,False,False,False,False,False,False,False,False,False,False,False,False,False,False,,,31813278,29509764.0,,NCT03037255,NCT03037255,databank,,
,,,,True,,False,False,False,False,False,False,False,False,False,False,False,False,False,False,False,False,False,False,,,31813278,30172472.0,,,,,,
,,,,False,,False,False,False,False,False,False,False,False,False,False,False,False,False,False,False,False,False,False,,,31813278,29860244.0,,,,,,
,,,,False,,False,False,False,False,False,False,False,False,False,False,False,False,False,False,False,False,False,False,,,31813278,22689718.0,,,,,,
,,,,,,,,,,,,,,,,,,,,,,,,,,31813278,27168733.0,,,,,,
,,,,False,,False,False,False,False,False,False,False,False,False,False,False,False,False,False,False,False,False,False,,,31813278,12727150.0,,,,,,
,,,,True,,False,False,False,False,False,False,False,False,False,False,False,False,False,False,False,False,False,False,,,31813278,30999991.0,,,,,,
,,,,False,,False,False,False,False,False,False,False,False,False,False,False,False,False,False,False,False,False,False,,,31813278,29684242.0,,,,,,
ALL,True,False,,False,False,False,False,False,False,False,False,False,False,False,False,False,False,False,False,False,False,False,False,,,31813278,26757786.0,,NCT01305785,NCT01305785,databank,,
,,,,,,,,,,,,,,,,,,,,,,,,,,31813278,31010297.0,,,,,,
ALL,True,False,,False,False,False,False,False,False,False,False,False,False,False,False,False,False,False,False,False,False,False,False,,,31813278,26794722.0,,NCT01255540,NCT01255540,databank,,
ALL,True,False,,False,False,False,False,False,False,False,False,False,False,False,False,False,False,False,False,False,False,False,False,,,31813278,28985265.0,,NCT01255540,NCT01255540,databank,,
,,,,False,,False,False,False,False,False,False,False,False,False,False,False,False,False,False,False,False,False,False,,,31813278,26856210.0,,,,,,
,,,,False,,False,False,False,False,False,False,False,False,False,False,False,False,False,False,False,False,False,False,,,31813278,28982673.0,,,,,,
,,,,True,,False,False,False,False,False,False,False,False,False,False,False,False,False,False,False,False,False,False,,,31813278,30137259.0,,,,,,
,,,,False,,False,False,False,False,False,False,False,False,False,False,False,False,False,False,False,False,False,False,,,31813278,29230546.0,,,,,,
ALL,True,False,,False,False,False,False,False,False,True,False,False,False,False,False,False,False,False,False,False,False,False,False,,,31813278,29083953.0,,NCT01927549,NCT01927549,databank,,
ALL,True,False,,False,False,False,False,False,False,True,False,False,False,False,False,False,False,False,False,False,False,False,False,,,31813278,30145971.0,,NCT01927549,NCT01927549,databank,,
,,,,False,,False,False,False,False,False,False,False,False,False,False,False,False,False,False,False,False,False,False,,,31813278,29223432.0,,,,,,
,,,,False,,False,False,False,False,False,False,False,False,False,False,False,False,False,False,False,False,False,False,,,31813278,23684677.0,,,,,,
,,,,False,,False,False,False,False,False,False,False,False,False,False,False,False,False,False,False,False,False,False,,,31813278,28433667.0,,,,,,
,,,,True,,False,False,False,False,False,False,False,False,False,False,False,False,False,False,False,False,False,False,,,31813278,27072307.0,,,,,,
,,,,True,,False,False,False,False,False,False,False,False,False,False,False,False,False,False,False,False,False,False,,,31813278,30219550.0,,,,,,
,,,,False,,False,False,False,False,False,False,False,False,False,False,False,False,False,False,False,False,False,False,,,31813278,28794121.0,,,,,,
,,,,False,,False,False,False,False,False,False,False,False,False,False,False,False,False,False,False,False,False,False,,,31813278,27914806.0,,,,,,
ALL,True,False,,True,False,False,False,False,False,False,False,False,False,False,False,False,False,False,False,False,False,False,False,,,31813278,28973065.0,,NCT01508819,NCT01508819,databank,,
,,,,False,,False,False,False,False,False,False,False,False,False,False,False,False,False,False,False,False,False,False,,,31813278,28266167.0,,,,,,
,,,,False,,False,False,False,False,False,False,False,False,False,False,False,False,False,False,False,False,False,False,,,31813278,21295193.0,,,,,,
,,,,,,,,,,,,,,,,,,,,,,,,,,31813278,23741057.0,,,,,,
,,,,True,,False,False,False,False,False,False,False,False,False,False,False,False,False,False,False,False,False,False,,,31813278,24594551.0,,,,,,
,,,,False,,False,False,False,False,False,False,False,False,False,False,False,False,False,False,False,False,False,False,,,31813278,26920682.0,,,,,,
,,,,False,,False,False,False,False,False,False,False,False,False,False,False,False,False,False,False,False,False,False,,,31813278,26542502.0,,,,,,
,,,,False,,False,False,False,False,False,False,False,False,False,False,False,False,False,False,False,False,False,False,,,31813278,25122628.0,,,,,,
,,,,,,,,,,,,,,,,,,,,,,,,,,31813278,26773077.0,,,,,,
,,,,True,,True,False,False,False,False,False,False,False,False,False,False,False,False,False,False,False,False,False,"[ABSTRACT] ed in community-dwelling older people overall and according to sex, age, and definition of frailty used. systematic",,31813278,22881367.0,,,,,,
,,,,True,,False,False,False,False,False,False,False,False,False,False,False,False,False,False,False,False,False,False,,,31813278,17087693.0,,,,,,
,,,,False,,False,False,False,False,False,False,False,False,False,False,False,False,False,False,False,False,False,False,,,31813278,17350971.0,,,,,,
,,,,False,,False,False,False,False,False,False,False,False,False,False,False,False,False,False,False,False,False,False,,,31813278,20031890.0,,,,,,
,,,,True,,False,False,False,False,False,False,False,False,False,False,False,False,False,False,False,False,False,False,,,31813278,29096801.0,,,,,,
,,,,False,,False,False,False,False,False,False,False,False,False,False,False,False,False,False,False,False,False,False,,,31813278,27956264.0,,,,,,
,,,,,,,,,,,,,,,,,,,,,,,,,,31813278,19564568.0,,,,,,
,,,,,,,,,,,,,,,,,,,,,,,,,,31813278,28886619.0,,,,,,
,,,,,,,,,,,,,,,,,,,,,,,,,,31813278,24589853.0,,,,,,
,,,,False,,False,False,False,False,False,False,False,False,False,False,False,False,False,False,False,False,False,False,,,31813278,29191323.0,,,,,,
,,,,False,,False,False,False,False,False,False,False,False,False,False,False,False,False,False,False,False,False,False,,,31813278,28566471.0,,,,,,
ALL,True,False,,False,False,False,False,False,False,False,False,False,False,False,False,False,False,False,False,False,False,False,False,,,31813278,22443478.0,,NCT00530894,NCT00530894,databank,,
,,,,True,,False,False,False,False,False,False,False,False,False,False,False,False,False,False,False,False,False,False,,,31813278,10985712.0,,,,,,
,,,,,,,,,,,,,,,,,,,,,,,,,,31813278,28607001.0,,,,,,
,,,,False,,False,False,False,False,False,False,False,False,False,False,False,False,False,False,False,False,False,False,,,31813278,19379882.0,,,,,,
,,,,False,,False,False,False,False,False,False,False,False,False,False,False,False,False,False,False,False,False,False,,,31813278,20048216.0,,,,,,
ALL,True,False,,False,False,False,False,False,False,False,False,False,False,False,False,False,False,False,False,False,False,False,False,,,31813278,24958751.0,,NCT00530894,NCT00530894,databank,,
,,,,False,,False,False,False,False,False,False,False,False,False,False,False,False,False,False,False,False,False,False,,,31813278,27765189.0,,,,,,
,,,,False,,False,False,False,False,False,False,False,False,False,False,False,False,False,False,False,False,False,False,,,31813278,23628298.0,,,,,,
,,,,False,,False,False,False,False,False,False,False,False,False,False,False,False,False,False,False,False,False,False,,,31813278,27931592.0,,,,,,
,,,,,,,,,,,,,,,,,,,,,,,,,,31813278,11642893.0,,,,,,
,,,,,,,,,,,,,,,,,,,,,,,,,,31813278,28063810.0,,,,,,
,,,,False,,False,False,False,False,False,False,False,False,False,False,False,False,False,False,False,False,False,False,,,31813278,28747535.0,,,,,,
,,,,True,,False,False,False,False,False,False,False,False,False,False,False,False,False,False,False,False,False,False,,,31813278,29879568.0,,,,,,
,,,,False,,False,False,False,False,False,False,False,False,False,False,False,False,False,False,False,False,False,False,,,31813278,21810861.0,,,,,,
,,,,False,,False,False,False,False,False,False,False,False,False,False,False,False,False,False,False,False,False,False,,,31813278,12204498.0,,,,,,
,,,,False,,False,False,False,False,False,False,False,False,False,False,False,False,False,False,False,False,False,False,,,31813278,23657079.0,,,,,,
,,,,False,,False,False,False,False,False,False,False,False,False,False,False,False,False,False,False,False,False,False,,,31813278,27563539.0,,,,,,
,,,,False,,False,False,False,False,False,False,False,False,False,False,False,False,False,False,False,False,False,False,,,31813278,20176372.0,,,,,,
,,,,False,,False,False,False,False,False,False,False,False,False,False,False,False,False,False,False,False,False,False,,,31813278,23267524.0,,,,,,
,,,,False,,False,False,False,False,False,False,False,False,False,False,False,False,False,False,False,False,False,False,,,31813278,23228401.0,,,,,,
,,,,True,,False,False,False,False,False,False,False,False,False,False,False,False,False,False,False,False,False,False,,,31813278,27460914.0,,,,,,
,,,,False,,False,False,False,False,False,False,False,False,False,False,False,False,False,False,False,False,False,False,,,31813278,28962505.0,,,,,,
,,,,False,,False,False,False,False,False,False,False,False,False,False,False,False,False,False,False,False,False,False,,,31813278,30086279.0,,,,,,
,,,,False,,False,False,False,False,False,False,False,False,False,False,False,False,False,False,False,False,False,False,,,31813278,24070705.0,,,,,,
,,,,False,,False,False,False,False,False,False,False,False,False,False,False,False,False,False,False,False,False,False,,,31813278,15111153.0,,,,,,
,,,,True,,False,False,False,False,False,False,False,False,False,False,False,False,False,False,False,False,False,False,,,31813278,27883977.0,,,,,,
,,,,False,,False,False,False,False,False,False,False,False,False,False,False,False,False,False,False,False,False,False,,,31813278,12218969.0,,,,,,
,,,,True,,False,False,False,False,False,False,False,False,False,False,False,False,False,False,False,False,False,False,,,31813278,9521222.0,,,,,,
,,,,True,,False,False,False,False,False,False,False,False,False,False,False,False,False,False,False,False,False,False,,,31813278,26409636.0,,,,,,
,,,,False,,False,False,False,False,False,False,False,False,False,False,False,False,False,False,False,False,False,False,,,31813278,10227218.0,,,,,,
,,,,False,,False,False,False,False,False,False,False,False,False,False,False,False,False,False,False,False,False,False,,,31813278,16241944.0,,,,,,
,,,,False,,False,False,False,False,False,False,False,False,False,False,False,False,False,False,False,False,False,False,,,31813278,23590273.0,,,,,,
,,,,False,,False,False,False,False,False,False,False,False,False,False,False,False,False,False,False,False,False,False,,,31813278,15935031.0,,,,,,
,,,,False,,False,False,False,False,False,False,False,False,False,False,False,False,False,False,False,False,False,False,,,31813278,11020391.0,,,,,,
,,,,False,,False,False,False,False,False,False,False,False,False,False,False,False,False,False,False,False,False,False,,,31813278,28173757.0,,,,,,
,,,,False,,False,False,False,False,False,False,False,False,False,False,False,False,False,False,False,False,False,False,,,31813278,20351550.0,,,,,,
,,,,False,,False,False,False,False,False,False,False,False,False,False,False,False,False,False,False,False,False,False,,,31813278,27864615.0,,,,,,
,,,,False,,False,False,False,False,False,False,False,False,False,False,False,False,False,False,False,False,False,False,,,31813278,29730622.0,,,,,,
,,,,False,,False,False,False,False,False,False,False,False,False,False,False,False,False,False,False,False,False,False,,,31813278,29558969.0,,,,,,
,,,,False,,False,False,False,False,False,False,False,False,False,False,False,False,False,False,False,False,False,False,,,31813278,28098628.0,,,,,,
ALL,True,False,,False,False,False,False,False,False,True,False,False,False,False,False,False,False,False,False,False,False,False,False,,,31813278,20116842.0,,NCT00466492,NCT00466492,databank,,
ALL,True,False,,True,False,False,False,False,False,True,False,False,False,False,False,False,False,False,False,False,False,False,False,,,31813278,26975647.0,,NCT01151865,NCT01151865,databank,,True
ALL,True,False,,False,False,False,False,False,False,True,False,False,False,False,False,False,False,False,False,False,False,False,False,,,31813278,22436955.0,,NCT00479661,NCT00479661,databank,,True
ALL,True,False,,False,False,False,False,False,False,True,False,False,False,False,False,False,False,False,False,False,False,False,False,,,31813278,22436955.0,,NCT00481312,NCT00479661,databank,,True
,,,,False,,False,False,False,False,False,False,False,False,False,False,False,False,False,False,False,False,False,False,,,31813278,27542303.0,,,,,,
,,,,False,,False,False,False,False,False,False,False,False,False,False,False,False,False,False,False,False,False,False,,,31813278,29318004.0,,,,,,
,,,,False,,False,False,False,False,False,False,False,False,False,False,False,False,False,False,False,False,False,False,,,31813278,28369729.0,,,,,,
,,,,False,,False,False,False,False,False,False,False,False,False,False,False,False,False,False,False,False,False,False,,,31813278,27006985.0,,,,,,
,,,,False,,False,False,False,False,False,False,False,False,False,False,False,False,False,False,False,False,False,False,,,31813278,26596509.0,,,,,,
,,,,False,,False,False,False,False,False,False,False,False,False,False,False,False,False,False,False,False,False,False,,,31813278,27791223.0,,,,,,
,,,,False,,False,False,False,False,False,False,False,False,False,False,False,False,False,False,False,False,False,False,,,31813278,28254205.0,,,,,,
,,,,False,,False,False,False,False,False,False,False,False,False,False,False,False,False,False,False,False,False,False,,,31813278,21926572.0,,,,,,
ALL,True,False,,False,False,False,False,False,False,False,False,False,False,False,False,False,False,False,False,False,False,False,False,,,31813278,19446324.0,,NCT00322010,NCT00322010,databank,,
,,,,False,,False,False,False,False,False,False,False,False,False,False,False,False,False,False,False,False,False,False,,,31813278,29582429.0,,,,,,
,,,,False,,False,False,False,False,False,False,False,False,False,False,False,False,False,False,False,False,False,False,,,31813278,25565021.0,,,,,,
,,,,False,,False,False,False,False,False,False,False,False,False,False,False,False,False,False,False,False,False,False,,,31813278,25919754.0,,,,,,
,,,,False,,False,False,False,False,False,False,False,False,False,False,False,False,False,False,False,False,False,False,,,31813278,28893432.0,,,,,,
,,,,False,,False,False,False,False,False,False,False,False,False,False,False,False,False,False,False,False,False,False,,,31813278,23231540.0,,,,,,
,,,,False,,False,False,False,False,False,False,False,False,False,False,False,False,False,False,False,False,False,False,,,31813278,26509317.0,,,,,,
ALL,True,False,,False,False,False,False,False,False,False,False,False,False,False,False,False,False,False,False,False,False,False,False,,,31813278,24148851.0,,NCT01876173,NCT01876173,databank,,
,,,,False,,False,False,False,False,False,False,False,False,False,False,False,False,False,False,False,False,False,False,,,31813278,24219117.0,,,,,,
,,,,True,,True,False,False,False,False,False,False,False,False,False,False,False,False,False,False,False,False,False,"[ABSTRACT] e risk factors, including age 65-74 years, female sex, and vascular disease) was generated. we assessed the correlation between the has-bled and cha2ds2-vasc scores and derived the optimal treatment options based on various bleeding ratios. data from 48,260 patients were included in the analysis. the mapd subset had a higher mean has-bled score",,31813278,25438725.0,,,,,,
ALL,True,False,,False,False,False,False,False,False,True,False,False,False,False,False,False,False,False,False,False,False,False,False,,,31813278,27919865.0,,NCT01969240,NCT01969240,databank,,
ALL,True,False,,False,False,False,False,False,False,True,False,False,False,False,False,False,False,False,False,False,False,False,False,,,31813278,22496116.0,,NCT01077037,NCT01077037,databank,,
,,,,False,,False,False,False,False,False,False,False,False,False,False,False,False,False,False,False,False,False,False,,,31813278,27503067.0,,,,,,
,,,,False,,False,False,False,False,False,False,False,False,False,False,False,False,False,False,False,False,False,False,,,31813278,27037030.0,,,,,,
,,,,True,,False,False,False,False,False,False,False,False,False,False,False,False,False,False,False,False,False,False,,,31813278,25706486.0,,,,,,
,,,,False,,False,False,False,False,False,False,False,False,False,False,False,False,False,False,False,False,False,False,,,31813278,25727085.0,,,,,,
,,,,False,,False,False,False,False,False,False,False,False,False,False,False,False,False,False,False,False,False,False,,,31813278,22980296.0,,,,,,
,,,,False,,False,False,False,False,False,False,False,False,False,False,False,False,False,False,False,False,False,False,,,31813278,27568873.0,,,,,,
,,,,False,,False,False,False,False,False,False,False,False,False,False,False,False,False,False,False,False,False,False,,,31813278,24862840.0,,,,,,
,,,,False,,False,False,False,False,False,False,False,False,False,False,False,False,False,False,False,False,False,False,,,31813278,25604605.0,,,,,,
,,,,False,,False,False,False,False,False,False,False,False,False,False,False,False,False,False,False,False,False,False,,,31813278,23861483.0,,,,,,
,,,,False,,False,False,False,False,False,False,False,False,False,False,False,False,False,False,False,False,False,False,,,31813278,22986378.0,,,,,,
,,,,False,,False,False,False,False,False,False,False,False,False,False,False,False,False,False,False,False,False,False,,,31813278,28064173.0,,,,,,
,,,,,,,,,,,,,,,,,,,,,,,,,,31813278,29298089.0,,,,,,
ALL,True,False,,True,False,False,False,False,False,False,False,False,False,False,False,False,False,False,False,False,False,False,False,,,31813278,27243899.0,,NCT00715962,NCT00715962,databank,,
,,,,False,,False,False,False,False,False,False,False,False,False,False,False,False,False,False,False,False,False,False,,,31813278,19623052.0,,,,,,
,,,,,,,,,,,,,,,,,,,,,,,,,,31813278,26771786.0,,,,,,
,,,,False,,False,False,False,False,False,False,False,False,False,False,False,False,False,False,False,False,False,False,,,31813278,27687720.0,,,,,,
,,,,False,,False,False,False,False,False,False,False,False,False,False,False,False,False,False,False,False,False,False,,,31813278,10422996.0,,,,,,
,,,,False,,False,False,False,False,False,False,False,False,False,False,False,False,False,False,False,False,False,False,,,31813278,29344376.0,,,,,,
,,,,False,,False,False,False,False,False,False,False,False,False,False,False,False,False,False,False,False,False,False,,,31813278,26541925.0,,,,,,
,,,,False,,False,False,False,False,False,False,False,False,False,False,False,False,False,False,False,False,False,False,,,31813278,21666444.0,,,,,,
,,,,True,,False,False,False,False,False,False,False,False,False,False,False,False,False,False,False,False,False,False,,,31813278,24277703.0,,,,,,
,,,,False,,False,False,False,False,False,False,False,False,False,False,False,False,False,False,False,False,False,False,,,31813278,28336790.0,,,,,,
,,,,False,,False,False,False,False,False,False,False,False,False,False,False,False,False,False,False,False,False,False,,,31813278,28898390.0,,,,,,
,,,,False,,False,False,False,False,False,False,False,False,False,False,False,False,False,False,False,False,False,False,,,31813278,27385077.0,,,,,,
,,,,False,,False,False,False,False,False,False,False,False,False,False,False,False,False,False,False,False,False,False,,,31813278,29189383.0,,,,,,
,,,,False,,False,False,False,False,False,False,False,False,False,False,False,False,False,False,False,False,False,False,,,31813278,21946660.0,,,,,,
,,,,False,,False,False,False,False,False,False,False,False,False,False,False,False,False,False,False,False,False,False,,,31813278,27525995.0,,,,,,
,,,,False,,False,False,False,False,False,False,False,False,False,False,False,False,False,False,False,False,False,False,,,31813278,25377017.0,,,,,,
,,,,False,,False,False,False,False,False,False,False,False,False,False,False,False,False,False,False,False,False,False,,,31813278,29038186.0,,,,,,
,,,,False,,False,False,False,False,False,False,False,False,False,False,False,False,False,False,False,False,False,False,,,31813278,24810527.0,,,,,,
,,,,False,,False,False,False,False,False,False,False,False,False,False,False,False,False,False,False,False,False,False,,,31813278,20937918.0,,,,,,
,,,,,,,,,,,,,,,,,,,,,,,,,,32460555,30700139.0,,,,,,
,,,,True,,True,False,False,False,False,False,False,False,False,False,False,False,False,False,False,False,False,False,[ABSTRACT] also revealed that there are likely regional and gender differences in the degree of disparities observed. studies us,,32460555,24454685.0,,,,,,
,,,,True,,False,False,False,False,False,False,False,False,False,False,False,False,False,False,False,False,False,False,,,32460555,10318659.0,,,,,,
,,,,False,,False,False,False,False,False,False,False,False,False,False,False,False,False,False,False,False,False,False,,,32460555,30652897.0,,,,,,
,,,,False,,False,False,False,False,False,False,False,False,False,False,False,False,False,False,False,False,False,False,,,32460555,17077399.0,,,,,,
,,,,False,,False,False,False,False,False,False,False,False,False,False,False,False,False,False,False,False,False,False,,,32460555,24669226.0,,,,,,
,,,,False,,False,False,False,False,False,False,False,False,False,False,False,False,False,False,False,False,False,False,,,32460555,16048880.0,,,,,,
,,,,True,,False,False,False,False,False,False,False,False,False,False,False,False,False,False,False,False,False,False,,,32460555,16769914.0,,,,,,
,,,,True,,False,False,False,False,False,False,False,False,False,False,False,False,False,False,False,False,False,False,,,32460555,7631630.0,,,,,,
,,,,True,,False,False,False,False,False,False,False,False,False,False,False,False,False,False,False,False,False,False,,,32460555,8585996.0,,,,,,
,,,,True,,False,False,False,False,False,False,False,False,False,False,False,False,False,False,False,False,False,False,,,32460555,10811594.0,,,,,,
,,,,False,,False,False,False,False,False,False,False,False,False,False,False,False,False,False,False,False,False,False,,,32460555,12610050.0,,,,,,
,,,,True,,False,False,False,False,False,False,False,False,False,False,False,False,False,False,False,False,False,False,,,32460555,12502653.0,,,,,,
,,,,True,,True,False,False,False,False,False,False,False,False,False,False,False,False,False,False,False,False,False,"[ABSTRACT] en for nondiabetic participants, but there was no gender difference for diabetic participants. correlation analysis s | [ABSTRACT] the distribution of lp(a) was examined by center, sex, and diabetic status. spearman correlation coefficients and cox regression models were used to evaluate the association of lp(a) to cvd. a total of 388 participants subsequently developed cvd. median lp(a) concentration in american indians was 3.0 mg/dl. this was almost half of that in whites and one sixth in blacks from the cardia study measured by the same method. nondiabetic participants had significantly higher lp(a) levels than diabetic participants for both genders. lp(a) levels were higher in women than in men for nondiabetic participants, but there was no gender difference for diabetic participants. correlation analysis showed lp(a) was significantly negatively correla | [ABSTRACT] lp(a) levels than diabetic participants for both genders. lp(a) levels were higher in women than in men for nondiabetic participants, but there was no gender difference for diabetic participants. correlation analysis showed lp(a) was significantly negatively correla",,32460555,11880218.0,,,,,,
,,,,True,,True,False,False,False,False,True,False,False,False,False,False,False,False,False,False,False,False,False,[ABSTRACT] apo e polymorphisms with lipid parameters differ between men and women; and (4) the associations in women of apo e polym,,32460555,8696954.0,,,,,,
,,,,True,,False,False,False,False,False,False,False,False,False,False,False,False,False,False,False,False,False,False,,,32460555,8707391.0,,,,,,
,,,,False,,False,False,False,False,False,False,False,False,False,False,False,False,False,False,False,False,False,False,,,32460555,16446387.0,,,,,,
,,,,True,,False,False,False,False,False,False,False,False,False,False,False,False,False,False,False,False,False,False,,,32460555,11377351.0,,,,,,
ALL,True,False,,True,True,False,False,False,False,True,False,True,False,False,False,False,False,False,False,False,False,False,False,,,32460555,18398080.0,,NCT00047424,NCT00047424,databank,,True
,,,,False,,False,False,False,False,False,False,False,False,False,False,False,False,False,False,False,False,False,False,,,32460555,20563294.0,,,,,,
,,,,False,,False,False,False,False,False,False,False,False,False,False,False,False,False,False,False,False,False,False,,,32460555,8821844.0,,,,,,
,,,,True,,False,False,False,False,False,False,False,False,False,False,False,False,False,False,False,False,False,False,,,32460555,28775914.0,,,,,,
